-- SQLite Database Export
-- Generated: 2025-12-18 12:25:58


-- Table: migrations
DROP TABLE IF EXISTS `migrations`;
CREATE TABLE "migrations" ("id" integer primary key autoincrement not null, "migration" varchar not null, "batch" integer not null);

-- Data for table: migrations
INSERT INTO `migrations` (`id`, `migration`, `batch`) VALUES ('1', '0001_01_01_000000_create_users_table', '1');
INSERT INTO `migrations` (`id`, `migration`, `batch`) VALUES ('2', '0001_01_01_000001_create_cache_table', '1');
INSERT INTO `migrations` (`id`, `migration`, `batch`) VALUES ('3', '0001_01_01_000002_create_jobs_table', '1');
INSERT INTO `migrations` (`id`, `migration`, `batch`) VALUES ('4', '2025_10_23_075323_create_categories_table', '1');
INSERT INTO `migrations` (`id`, `migration`, `batch`) VALUES ('5', '2025_10_23_075334_create_products_table', '1');
INSERT INTO `migrations` (`id`, `migration`, `batch`) VALUES ('6', '2025_11_13_123822_db', '2');
INSERT INTO `migrations` (`id`, `migration`, `batch`) VALUES ('7', '2025_11_19_080514_create_authors_table', '2');
INSERT INTO `migrations` (`id`, `migration`, `batch`) VALUES ('8', '2025_11_27_040834_create_orders_table', '3');
INSERT INTO `migrations` (`id`, `migration`, `batch`) VALUES ('9', '2025_11_27_040904_create_order_items_table', '3');
INSERT INTO `migrations` (`id`, `migration`, `batch`) VALUES ('10', '2025_12_27_000001_add_fields_to_orders_table', '4');
INSERT INTO `migrations` (`id`, `migration`, `batch`) VALUES ('11', '2025_12_27_000002_add_fields_to_order_items_table', '4');
INSERT INTO `migrations` (`id`, `migration`, `batch`) VALUES ('13', '2025_12_01_041910_add_khqr_fields_to_orders_table', '6');
INSERT INTO `migrations` (`id`, `migration`, `batch`) VALUES ('14', '2025_12_27_000003_add_role_to_users_table', '7');


-- Table: users
DROP TABLE IF EXISTS `users`;
CREATE TABLE "users" ("id" integer primary key autoincrement not null, "name" varchar not null, "email" varchar not null, "email_verified_at" datetime, "password" varchar not null, "remember_token" varchar, "created_at" datetime, "updated_at" datetime, "role" varchar check ("role" in ('user', 'admin')) not null default 'user');

-- Data for table: users
INSERT INTO `users` (`id`, `name`, `email`, `email_verified_at`, `password`, `remember_token`, `created_at`, `updated_at`, `role`) VALUES ('1', 'natkimsreng@gmail.com', 'natkimsreng@gmail.com', NULL, '$2y$12$mkl7iAruKAjDSZwAWIuPsOSvDtzkNYMgnId5Y6kUybTwNoR9rHZwW', NULL, '2025-11-13 12:41:03', '2025-12-01 03:02:49', 'admin');
INSERT INTO `users` (`id`, `name`, `email`, `email_verified_at`, `password`, `remember_token`, `created_at`, `updated_at`, `role`) VALUES ('2', 'vibetechgenz', 'vibetechgenz@gmail.com', NULL, '$2y$12$.R3dk7uHIxzvIH6WUaj8h.En5Z7y89q64ZnTmg3N4ApViatVkwvIy', NULL, '2025-12-02 02:45:10', '2025-12-02 02:45:10', 'user');


-- Table: password_reset_tokens
DROP TABLE IF EXISTS `password_reset_tokens`;
CREATE TABLE "password_reset_tokens" ("email" varchar not null, "token" varchar not null, "created_at" datetime, primary key ("email"));


-- Table: sessions
DROP TABLE IF EXISTS `sessions`;
CREATE TABLE "sessions" ("id" varchar not null, "user_id" integer, "ip_address" varchar, "user_agent" text, "payload" text not null, "last_activity" integer not null, primary key ("id"));

-- Data for table: sessions
INSERT INTO `sessions` (`id`, `user_id`, `ip_address`, `user_agent`, `payload`, `last_activity`) VALUES ('0kHIpJKcIrEQbZwEGoWWrsh5LprPkJSWG55R3RVy', '1', '127.0.0.1', 'Mozilla/5.0 (Windows NT 10.0; Win64; x64) AppleWebKit/537.36 (KHTML, like Gecko) Chrome/143.0.0.0 Safari/537.36', 'YTo1OntzOjY6Il90b2tlbiI7czo0MDoidGtkV3kyVHBnSXRNYXFVbGdLWTRoUGFxN1hOSU5oQ0xFa0FITVBNTiI7czo2OiJfZmxhc2giO2E6Mjp7czozOiJuZXciO2E6MDp7fXM6Mzoib2xkIjthOjA6e319czo5OiJfcHJldmlvdXMiO2E6MTp7czozOiJ1cmwiO3M6MzQ6Imh0dHA6Ly8xMjcuMC4wLjE6ODAwMC9hZG1pbi9vcmRlcnMiO31zOjEzOiJsYXN0X29yZGVyX2lkIjtpOjkxO3M6NTA6ImxvZ2luX3dlYl81OWJhMzZhZGRjMmIyZjk0MDE1ODBmMDE0YzdmNThlYTRlMzA5ODlkIjtpOjE7fQ==', '1766046587');


-- Table: cache
DROP TABLE IF EXISTS `cache`;
CREATE TABLE "cache" ("key" varchar not null, "value" text not null, "expiration" integer not null, primary key ("key"));


-- Table: cache_locks
DROP TABLE IF EXISTS `cache_locks`;
CREATE TABLE "cache_locks" ("key" varchar not null, "owner" varchar not null, "expiration" integer not null, primary key ("key"));


-- Table: jobs
DROP TABLE IF EXISTS `jobs`;
CREATE TABLE "jobs" ("id" integer primary key autoincrement not null, "queue" varchar not null, "payload" text not null, "attempts" integer not null, "reserved_at" integer, "available_at" integer not null, "created_at" integer not null);


-- Table: job_batches
DROP TABLE IF EXISTS `job_batches`;
CREATE TABLE "job_batches" ("id" varchar not null, "name" varchar not null, "total_jobs" integer not null, "pending_jobs" integer not null, "failed_jobs" integer not null, "failed_job_ids" text not null, "options" text, "cancelled_at" integer, "created_at" integer not null, "finished_at" integer, primary key ("id"));


-- Table: failed_jobs
DROP TABLE IF EXISTS `failed_jobs`;
CREATE TABLE "failed_jobs" ("id" integer primary key autoincrement not null, "uuid" varchar not null, "connection" text not null, "queue" text not null, "payload" text not null, "exception" text not null, "failed_at" datetime not null default CURRENT_TIMESTAMP);


-- Table: categories
DROP TABLE IF EXISTS `categories`;
CREATE TABLE "categories" ("id" integer primary key autoincrement not null, "category_name" varchar not null, "category_description" text, "created_at" datetime, "updated_at" datetime);

-- Data for table: categories
INSERT INTO `categories` (`id`, `category_name`, `category_description`, `created_at`, `updated_at`) VALUES ('2', 'IPhone', NULL, '2025-11-13 14:34:00', '2025-12-01 02:15:11');
INSERT INTO `categories` (`id`, `category_name`, `category_description`, `created_at`, `updated_at`) VALUES ('3', 'Samsung', NULL, '2025-12-01 02:15:25', '2025-12-01 02:15:25');


-- Table: products
DROP TABLE IF EXISTS `products`;
CREATE TABLE "products" ("id" integer primary key autoincrement not null, "name" varchar not null, "description" varchar not null, "price" double not null, "image" varchar, "stock" tinyint(1) not null default '1', "created_at" datetime, "updated_at" datetime, "category_id" integer not null, foreign key("category_id") references "categories"("id") on delete cascade);

-- Data for table: products
INSERT INTO `products` (`id`, `name`, `description`, `price`, `image`, `stock`, `created_at`, `updated_at`, `category_id`) VALUES ('2', 'Iphone', 'iphone', '0.05', 'assets/upload/products/1764231092_Apple-iPhone-16-Pro-Max-Nachfolger-komplett-mit-drei-48-Megapixel-Kameras.jpg', '1', '2025-11-13 14:35:02', '2025-12-01 15:49:05', '2');
INSERT INTO `products` (`id`, `name`, `description`, `price`, `image`, `stock`, `created_at`, `updated_at`, `category_id`) VALUES ('3', 'Samsung Galaxy S23 Ultra', 'Samsung Galaxy S23 Ultra  5G S918U Fully Unlocked 512GB Sky Blue Grade B', '1000', 'assets/upload/products/1764555407_images (22).jpg', '1', '2025-12-01 02:16:47', '2025-12-01 02:16:47', '3');


-- Table: authors
DROP TABLE IF EXISTS `authors`;
CREATE TABLE "authors" ("id" integer primary key autoincrement not null, "name" varchar not null, "email" varchar not null, "website" varchar, "phone" varchar, "created_at" datetime, "updated_at" datetime);

-- Data for table: authors
INSERT INTO `authors` (`id`, `name`, `email`, `website`, `phone`, `created_at`, `updated_at`) VALUES ('3', 'Kim Ackerman', 'natkimsreng@gmail.com', 'https://kisskh.co', '011841211', '2025-11-19 08:17:20', '2025-11-20 09:42:00');
INSERT INTO `authors` (`id`, `name`, `email`, `website`, `phone`, `created_at`, `updated_at`) VALUES ('5', 'Cheasa', 'cheasa@gmail.com', 'https://chatgpt.com', '011344322', '2025-11-19 08:23:01', '2025-11-20 09:41:51');
INSERT INTO `authors` (`id`, `name`, `email`, `website`, `phone`, `created_at`, `updated_at`) VALUES ('6', 'Nan Somnang', 'natsreng@gmail.com', 'https://bbu.edu.kh', '011841244', '2025-11-19 08:30:36', '2025-11-20 09:41:42');


-- Table: orders
DROP TABLE IF EXISTS `orders`;
CREATE TABLE "orders" ("id" integer primary key autoincrement not null, "user_id" integer, "name" varchar not null, "email" varchar not null, "phone" varchar not null, "address" varchar not null, "total" numeric not null, "status" varchar not null default ('pending'), "created_at" datetime, "updated_at" datetime, "order_number" varchar, "subtotal" numeric, "city" varchar, "postal_code" varchar, "country" varchar, "notes" text, "khqr_md5" varchar, "payment_method" varchar not null default 'cod', "paid_at" datetime, foreign key("user_id") references "users"("id") on delete set null);

-- Data for table: orders
INSERT INTO `orders` (`id`, `user_id`, `name`, `email`, `phone`, `address`, `total`, `status`, `created_at`, `updated_at`, `order_number`, `subtotal`, `city`, `postal_code`, `country`, `notes`, `khqr_md5`, `payment_method`, `paid_at`) VALUES ('4', '1', 'natkimsreng@gmail.com', 'natkimsreng@gmail.com', '011841244', 'Siemreap1', '1080', 'processing', '2025-12-01 02:32:41', '2025-12-01 02:35:36', 'ORD-20251201-9200AD', '1080', 'cambodia', '17120', 'Cambodia', 'saa', NULL, 'cod', NULL);
INSERT INTO `orders` (`id`, `user_id`, `name`, `email`, `phone`, `address`, `total`, `status`, `created_at`, `updated_at`, `order_number`, `subtotal`, `city`, `postal_code`, `country`, `notes`, `khqr_md5`, `payment_method`, `paid_at`) VALUES ('5', '1', 'natkimsreng@gmail.com', 'natkimsreng@gmail.com', '011841244', 'Siemreap1', '80', 'pending', '2025-12-01 02:49:01', '2025-12-01 02:49:01', 'ORD-20251201-DD9433', '80', 'cambodia', '17120', 'Cambodia', NULL, NULL, 'cod', NULL);
INSERT INTO `orders` (`id`, `user_id`, `name`, `email`, `phone`, `address`, `total`, `status`, `created_at`, `updated_at`, `order_number`, `subtotal`, `city`, `postal_code`, `country`, `notes`, `khqr_md5`, `payment_method`, `paid_at`) VALUES ('6', '1', 'natkimsreng@gmail.com', 'natkimsreng@gmail.com', '+85511841244', 'Siemreap1', '80', 'pending', '2025-12-01 04:36:17', '2025-12-01 04:36:17', 'ORD-20251201-13A5C2', '80', 'cambodia', '17120', 'Cambodia', 'saa', NULL, 'cod', NULL);
INSERT INTO `orders` (`id`, `user_id`, `name`, `email`, `phone`, `address`, `total`, `status`, `created_at`, `updated_at`, `order_number`, `subtotal`, `city`, `postal_code`, `country`, `notes`, `khqr_md5`, `payment_method`, `paid_at`) VALUES ('7', '1', 'natkimsreng@gmail.com', 'natkimsreng@gmail.com', '+85511841244', 'Siemreap1', '80', 'pending', '2025-12-01 04:39:17', '2025-12-01 04:39:17', 'ORD-20251201-59AAFE', '80', 'cambodia', '17120', 'Cambodia', 'sasa', NULL, 'cod', NULL);
INSERT INTO `orders` (`id`, `user_id`, `name`, `email`, `phone`, `address`, `total`, `status`, `created_at`, `updated_at`, `order_number`, `subtotal`, `city`, `postal_code`, `country`, `notes`, `khqr_md5`, `payment_method`, `paid_at`) VALUES ('8', NULL, 'Nan lkimsreng', 'natkimsreng@gmail.com', '+85581477716', 'sas', '80', 'pending', '2025-12-01 05:03:56', '2025-12-01 05:03:56', 'ORD-20251201-CD746E', '80', 'sasa', 'saa', 'United States', 'sasa', NULL, 'cod', NULL);
INSERT INTO `orders` (`id`, `user_id`, `name`, `email`, `phone`, `address`, `total`, `status`, `created_at`, `updated_at`, `order_number`, `subtotal`, `city`, `postal_code`, `country`, `notes`, `khqr_md5`, `payment_method`, `paid_at`) VALUES ('9', NULL, 'Nan lkimsreng', 'natkimsreng@gmail.com', '+85581477716', 'sas', '1000', 'pending', '2025-12-01 05:11:21', '2025-12-01 05:11:21', 'ORD-20251201-960998', '1000', 'sasa', 'saa', 'United States', 'sa', NULL, 'cod', NULL);
INSERT INTO `orders` (`id`, `user_id`, `name`, `email`, `phone`, `address`, `total`, `status`, `created_at`, `updated_at`, `order_number`, `subtotal`, `city`, `postal_code`, `country`, `notes`, `khqr_md5`, `payment_method`, `paid_at`) VALUES ('10', NULL, 'Nan lkimsreng', 'natkimsreng@gmail.com', '+85581477716', 'assaa', '80', 'pending', '2025-12-01 05:18:33', '2025-12-01 05:18:33', 'ORD-20251201-9154BF', '80', 'sasas', 'saa', 'United States', NULL, NULL, 'cod', NULL);
INSERT INTO `orders` (`id`, `user_id`, `name`, `email`, `phone`, `address`, `total`, `status`, `created_at`, `updated_at`, `order_number`, `subtotal`, `city`, `postal_code`, `country`, `notes`, `khqr_md5`, `payment_method`, `paid_at`) VALUES ('11', '1', 'natkimsreng@gmail.com', 'natkimsreng@gmail.com', '+85511841244', 'cambodia
.etc', '80', 'pending', '2025-12-01 06:33:38', '2025-12-01 06:33:38', 'ORD-20251201-23B2AF', '80', 'cambodia', '171216', 'Cambodia', NULL, NULL, 'cod', NULL);
INSERT INTO `orders` (`id`, `user_id`, `name`, `email`, `phone`, `address`, `total`, `status`, `created_at`, `updated_at`, `order_number`, `subtotal`, `city`, `postal_code`, `country`, `notes`, `khqr_md5`, `payment_method`, `paid_at`) VALUES ('12', NULL, 'NAT KIMSRENG', 'natkimsreng@gmail.com', '+85511841244', 'cambodia
.etc', '80', 'pending', '2025-12-01 08:19:30', '2025-12-01 08:19:30', 'ORD-20251201-22A50B', '80', 'cambodia', '171216', 'Cambodia', 'sa', NULL, 'cod', NULL);
INSERT INTO `orders` (`id`, `user_id`, `name`, `email`, `phone`, `address`, `total`, `status`, `created_at`, `updated_at`, `order_number`, `subtotal`, `city`, `postal_code`, `country`, `notes`, `khqr_md5`, `payment_method`, `paid_at`) VALUES ('14', '1', 'natkimsreng@gmail.com', 'natkimsreng@gmail.com', '+85511841244', 'cambodia
.etc', '80', 'pending', '2025-12-01 08:21:08', '2025-12-01 08:21:08', 'ORD-20251201-49A26D', '80', 'cambodia', '171216', 'Cambodia', 'sa', NULL, 'cod', NULL);
INSERT INTO `orders` (`id`, `user_id`, `name`, `email`, `phone`, `address`, `total`, `status`, `created_at`, `updated_at`, `order_number`, `subtotal`, `city`, `postal_code`, `country`, `notes`, `khqr_md5`, `payment_method`, `paid_at`) VALUES ('15', '1', 'natkimsreng@gmail.com', 'natkimsreng@gmail.com', '+85511841244', 'cambodia
.etc', '80', 'pending', '2025-12-01 08:23:21', '2025-12-01 08:23:21', 'ORD-20251201-9AFD6E', '80', 'cambodia', '171216', 'Cambodia', 'aas', NULL, 'cod', NULL);
INSERT INTO `orders` (`id`, `user_id`, `name`, `email`, `phone`, `address`, `total`, `status`, `created_at`, `updated_at`, `order_number`, `subtotal`, `city`, `postal_code`, `country`, `notes`, `khqr_md5`, `payment_method`, `paid_at`) VALUES ('16', '1', 'natkimsreng@gmail.com', 'natkimsreng@gmail.com', '+85511841244', 'cambodia
.etc', '0.01', 'pending', '2025-12-01 08:25:23', '2025-12-01 08:25:23', 'ORD-20251201-3C78AC', '0.01', 'cambodia', '171216', 'Cambodia', NULL, NULL, 'cod', NULL);
INSERT INTO `orders` (`id`, `user_id`, `name`, `email`, `phone`, `address`, `total`, `status`, `created_at`, `updated_at`, `order_number`, `subtotal`, `city`, `postal_code`, `country`, `notes`, `khqr_md5`, `payment_method`, `paid_at`) VALUES ('17', '1', 'natkimsreng@gmail.com', 'natkimsreng@gmail.com', '+85511841244', 'cambodia
.etc', '200', 'pending', '2025-12-01 08:27:55', '2025-12-01 08:27:55', 'ORD-20251201-B34AC0', '200', 'cambodia', '171216', 'Cambodia', NULL, NULL, 'cod', NULL);
INSERT INTO `orders` (`id`, `user_id`, `name`, `email`, `phone`, `address`, `total`, `status`, `created_at`, `updated_at`, `order_number`, `subtotal`, `city`, `postal_code`, `country`, `notes`, `khqr_md5`, `payment_method`, `paid_at`) VALUES ('18', '1', 'natkimsreng@gmail.com', 'natkimsreng@gmail.com', '+85511841244', 'Siemreap1', '200', 'pending', '2025-12-01 08:31:12', '2025-12-01 08:31:12', 'ORD-20251201-004D65', '200', 'cambodia', '17120', 'Cambodia', 'sa', NULL, 'cod', NULL);
INSERT INTO `orders` (`id`, `user_id`, `name`, `email`, `phone`, `address`, `total`, `status`, `created_at`, `updated_at`, `order_number`, `subtotal`, `city`, `postal_code`, `country`, `notes`, `khqr_md5`, `payment_method`, `paid_at`) VALUES ('19', '1', 'natkimsreng@gmail.com', 'natkimsreng@gmail.com', '+85511841244', 'cambodia
.etc', '200', 'pending', '2025-12-01 08:33:47', '2025-12-01 08:33:47', 'ORD-20251201-B2C1FE', '200', 'cambodia', '171216', 'Cambodia', NULL, NULL, 'cod', NULL);
INSERT INTO `orders` (`id`, `user_id`, `name`, `email`, `phone`, `address`, `total`, `status`, `created_at`, `updated_at`, `order_number`, `subtotal`, `city`, `postal_code`, `country`, `notes`, `khqr_md5`, `payment_method`, `paid_at`) VALUES ('20', '1', 'natkimsreng@gmail.com', 'natkimsreng@gmail.com', '+85511841244', 'Siemreap1', '200', 'pending', '2025-12-01 08:39:45', '2025-12-01 08:39:45', 'ORD-20251201-15C8A6', '200', 'cambodia', '17120', 'Cambodia', NULL, '4349c9af73a0168af8f3b05edb3c9383', 'cod', NULL);
INSERT INTO `orders` (`id`, `user_id`, `name`, `email`, `phone`, `address`, `total`, `status`, `created_at`, `updated_at`, `order_number`, `subtotal`, `city`, `postal_code`, `country`, `notes`, `khqr_md5`, `payment_method`, `paid_at`) VALUES ('21', '1', 'natkimsreng@gmail.com', 'natkimsreng@gmail.com', '+85511841244', 'cambodia
.etc', '200', 'pending', '2025-12-01 08:43:05', '2025-12-01 08:43:06', 'ORD-20251201-9E8417', '200', 'cambodia', '171216', 'Cambodia', NULL, '48ddc0fa82cf4ac4149145d3f9c5303b', 'cod', NULL);
INSERT INTO `orders` (`id`, `user_id`, `name`, `email`, `phone`, `address`, `total`, `status`, `created_at`, `updated_at`, `order_number`, `subtotal`, `city`, `postal_code`, `country`, `notes`, `khqr_md5`, `payment_method`, `paid_at`) VALUES ('22', '1', 'natkimsreng@gmail.com', 'natkimsreng@gmail.com', '+85511841244', 'Siemreap1', '200', 'pending', '2025-12-01 08:47:04', '2025-12-01 08:47:04', 'ORD-20251201-857022', '200', 'cambodia', '17120', 'Cambodia', NULL, '9fad6eb67833dabc208d0c534a2589ba', 'cod', NULL);
INSERT INTO `orders` (`id`, `user_id`, `name`, `email`, `phone`, `address`, `total`, `status`, `created_at`, `updated_at`, `order_number`, `subtotal`, `city`, `postal_code`, `country`, `notes`, `khqr_md5`, `payment_method`, `paid_at`) VALUES ('23', '1', 'natkimsreng@gmail.com', 'natkimsreng@gmail.com', '+85511841244', 'cambodia
.etc', '200', 'pending', '2025-12-01 08:49:45', '2025-12-01 08:49:45', 'ORD-20251201-9890AD', '200', 'cambodia', '171216', 'Cambodia', NULL, '4643e34227d1a9243dcbfbe408016b34', 'cod', NULL);
INSERT INTO `orders` (`id`, `user_id`, `name`, `email`, `phone`, `address`, `total`, `status`, `created_at`, `updated_at`, `order_number`, `subtotal`, `city`, `postal_code`, `country`, `notes`, `khqr_md5`, `payment_method`, `paid_at`) VALUES ('24', '1', 'natkimsreng@gmail.com', 'natkimsreng@gmail.com', '+85511841244', 'cambodia
.etc', '200', 'pending', '2025-12-01 08:53:32', '2025-12-01 08:53:32', 'ORD-20251201-C8726E', '200', 'cambodia', '171216', 'Cambodia', NULL, '28b34dec8f66142e48cf96d54ffd5110', 'cod', NULL);
INSERT INTO `orders` (`id`, `user_id`, `name`, `email`, `phone`, `address`, `total`, `status`, `created_at`, `updated_at`, `order_number`, `subtotal`, `city`, `postal_code`, `country`, `notes`, `khqr_md5`, `payment_method`, `paid_at`) VALUES ('25', '1', 'natkimsreng@gmail.com', 'natkimsreng@gmail.com', '+85511841244', 'cambodia
.etc', '200', 'pending', '2025-12-01 08:55:26', '2025-12-01 08:55:26', 'ORD-20251201-E17087', '200', 'cambodia', '171216', 'Cambodia', NULL, 'b93d95661ea20ac389bd0776d66e2ae5', 'cod', NULL);
INSERT INTO `orders` (`id`, `user_id`, `name`, `email`, `phone`, `address`, `total`, `status`, `created_at`, `updated_at`, `order_number`, `subtotal`, `city`, `postal_code`, `country`, `notes`, `khqr_md5`, `payment_method`, `paid_at`) VALUES ('26', '1', 'natkimsreng@gmail.com', 'natkimsreng@gmail.com', '+85511841244', 'cambodia
.etc', '200', 'pending', '2025-12-01 09:03:12', '2025-12-01 09:03:12', 'ORD-20251201-03578B', '200', 'cambodia', '171216', 'Cambodia', NULL, '64bd0a1f951d9b737ff768a0adc5c2df', 'cod', NULL);
INSERT INTO `orders` (`id`, `user_id`, `name`, `email`, `phone`, `address`, `total`, `status`, `created_at`, `updated_at`, `order_number`, `subtotal`, `city`, `postal_code`, `country`, `notes`, `khqr_md5`, `payment_method`, `paid_at`) VALUES ('29', '1', 'natkimsreng@gmail.com', 'natkimsreng@gmail.com', '+85511841244', 'cambodia
.etc', '200', 'pending', '2025-12-01 09:09:03', '2025-12-01 09:09:03', 'ORD-20251201-F71AF7', '200', 'cambodia', '171216', 'Cambodia', NULL, 'dd94af35cef447d9dca98ca197da3df4', 'cod', NULL);
INSERT INTO `orders` (`id`, `user_id`, `name`, `email`, `phone`, `address`, `total`, `status`, `created_at`, `updated_at`, `order_number`, `subtotal`, `city`, `postal_code`, `country`, `notes`, `khqr_md5`, `payment_method`, `paid_at`) VALUES ('30', '1', 'natkimsreng@gmail.com', 'natkimsreng@gmail.com', '+85511841244', 'cambodia
.etc', '200', 'pending', '2025-12-01 09:18:37', '2025-12-01 09:18:37', 'ORD-20251201-D6678E', '200', 'cambodia', '171216', 'Cambodia', NULL, '2fc5067df1e6e858433bae8b5f93b6d4', 'cod', NULL);
INSERT INTO `orders` (`id`, `user_id`, `name`, `email`, `phone`, `address`, `total`, `status`, `created_at`, `updated_at`, `order_number`, `subtotal`, `city`, `postal_code`, `country`, `notes`, `khqr_md5`, `payment_method`, `paid_at`) VALUES ('31', '1', 'natkimsreng@gmail.com', 'natkimsreng@gmail.com', '+85511841244', 'Siemreap1', '200', 'pending', '2025-12-01 09:19:15', '2025-12-01 09:19:15', 'ORD-20251201-34992F', '200', 'cambodia', '17120', 'Cambodia', NULL, 'fc8e1c22d495866e894abff6ca041361', 'cod', NULL);
INSERT INTO `orders` (`id`, `user_id`, `name`, `email`, `phone`, `address`, `total`, `status`, `created_at`, `updated_at`, `order_number`, `subtotal`, `city`, `postal_code`, `country`, `notes`, `khqr_md5`, `payment_method`, `paid_at`) VALUES ('32', '1', 'natkimsreng@gmail.com', 'natkimsreng@gmail.com', '+85511841244', 'cambodia
.etc', '200', 'pending', '2025-12-01 09:19:43', '2025-12-01 09:19:43', 'ORD-20251201-F5C1A1', '200', 'cambodia', '171216', 'Cambodia', NULL, NULL, 'cod', NULL);
INSERT INTO `orders` (`id`, `user_id`, `name`, `email`, `phone`, `address`, `total`, `status`, `created_at`, `updated_at`, `order_number`, `subtotal`, `city`, `postal_code`, `country`, `notes`, `khqr_md5`, `payment_method`, `paid_at`) VALUES ('33', '1', 'natkimsreng@gmail.com', 'natkimsreng@gmail.com', '+85511841244', 'Siemreap1', '200', 'pending', '2025-12-01 09:19:57', '2025-12-01 09:19:57', 'ORD-20251201-D1B3F2', '200', 'cambodia', '17120', 'Cambodia', NULL, '52041c913eb97312c239c1bf82b2b000', 'cod', NULL);
INSERT INTO `orders` (`id`, `user_id`, `name`, `email`, `phone`, `address`, `total`, `status`, `created_at`, `updated_at`, `order_number`, `subtotal`, `city`, `postal_code`, `country`, `notes`, `khqr_md5`, `payment_method`, `paid_at`) VALUES ('34', '1', 'natkimsreng@gmail.com', 'natkimsreng@gmail.com', '+85511841244', 'cambodia
.etc', '400', 'pending', '2025-12-01 09:21:30', '2025-12-01 09:21:30', 'ORD-20251201-A5115D', '400', 'cambodia', '171216', 'Cambodia', NULL, NULL, 'cod', NULL);
INSERT INTO `orders` (`id`, `user_id`, `name`, `email`, `phone`, `address`, `total`, `status`, `created_at`, `updated_at`, `order_number`, `subtotal`, `city`, `postal_code`, `country`, `notes`, `khqr_md5`, `payment_method`, `paid_at`) VALUES ('35', '1', 'natkimsreng@gmail.com', 'natkimsreng@gmail.com', '+85511841244', 'cambodia
.etc', '200', 'pending', '2025-12-01 09:21:43', '2025-12-01 09:21:43', 'ORD-20251201-7C42D0', '200', 'cambodia', '171216', 'Cambodia', 'sa', 'd3e30231c225226cc6429e744ba30582', 'cod', NULL);
INSERT INTO `orders` (`id`, `user_id`, `name`, `email`, `phone`, `address`, `total`, `status`, `created_at`, `updated_at`, `order_number`, `subtotal`, `city`, `postal_code`, `country`, `notes`, `khqr_md5`, `payment_method`, `paid_at`) VALUES ('36', '1', 'natkimsreng@gmail.com', 'natkimsreng@gmail.com', '+85511841244', 'cambodia
.etc', '200', 'pending', '2025-12-01 09:23:10', '2025-12-01 09:23:10', 'ORD-20251201-E52A4A', '200', 'cambodia', '171216', 'Cambodia', NULL, '84e11e66ac595d7be28618f44c0359a4', 'cod', NULL);
INSERT INTO `orders` (`id`, `user_id`, `name`, `email`, `phone`, `address`, `total`, `status`, `created_at`, `updated_at`, `order_number`, `subtotal`, `city`, `postal_code`, `country`, `notes`, `khqr_md5`, `payment_method`, `paid_at`) VALUES ('37', '1', 'natkimsreng@gmail.com', 'natkimsreng@gmail.com', '+85511841244', 'cambodia
.etc', '200', 'pending', '2025-12-01 09:24:13', '2025-12-01 09:24:13', 'ORD-20251201-DBD00E', '200', 'cambodia', '171216', 'Cambodia', NULL, '5095f55a5096f15566747bab282f9211', 'cod', NULL);
INSERT INTO `orders` (`id`, `user_id`, `name`, `email`, `phone`, `address`, `total`, `status`, `created_at`, `updated_at`, `order_number`, `subtotal`, `city`, `postal_code`, `country`, `notes`, `khqr_md5`, `payment_method`, `paid_at`) VALUES ('38', '1', 'natkimsreng@gmail.com', 'natkimsreng@gmail.com', '+85511841244', 'cambodia
.etc', '200', 'pending', '2025-12-01 09:24:39', '2025-12-01 09:24:39', 'ORD-20251201-73C070', '200', 'cambodia', '171216', 'Cambodia', 'sa', '9d4d29bf982827a6ff00f1ab67ffe780', 'cod', NULL);
INSERT INTO `orders` (`id`, `user_id`, `name`, `email`, `phone`, `address`, `total`, `status`, `created_at`, `updated_at`, `order_number`, `subtotal`, `city`, `postal_code`, `country`, `notes`, `khqr_md5`, `payment_method`, `paid_at`) VALUES ('39', '1', 'natkimsreng@gmail.com', 'natkimsreng@gmail.com', '+85511841244', 'cambodia
.etc', '200', 'pending', '2025-12-01 09:34:30', '2025-12-01 09:34:30', 'ORD-20251201-608FD6', '200', 'cambodia', '171216', 'Cambodia', 'sa', 'dfb6ddea978606785c165effacf904ed', 'cod', NULL);
INSERT INTO `orders` (`id`, `user_id`, `name`, `email`, `phone`, `address`, `total`, `status`, `created_at`, `updated_at`, `order_number`, `subtotal`, `city`, `postal_code`, `country`, `notes`, `khqr_md5`, `payment_method`, `paid_at`) VALUES ('40', '1', 'natkimsreng@gmail.com', 'natkimsreng@gmail.com', '+85511841244', 'cambodia
.etc', '400', 'pending', '2025-12-01 09:36:11', '2025-12-01 09:36:11', 'ORD-20251201-B55E23', '400', 'cambodia', '171216', 'Cambodia', NULL, '82c267ae0aacb004661685ae30c60488', 'cod', NULL);
INSERT INTO `orders` (`id`, `user_id`, `name`, `email`, `phone`, `address`, `total`, `status`, `created_at`, `updated_at`, `order_number`, `subtotal`, `city`, `postal_code`, `country`, `notes`, `khqr_md5`, `payment_method`, `paid_at`) VALUES ('41', '1', 'natkimsreng@gmail.com', 'natkimsreng@gmail.com', '+85511841244', 'cambodia
.etc', '200', 'pending', '2025-12-01 09:37:32', '2025-12-01 09:37:32', 'ORD-20251201-C74E66', '200', 'cambodia', '171216', 'Cambodia', NULL, '6218a888ffaa92fba85cbf68f1a355fd', 'cod', NULL);
INSERT INTO `orders` (`id`, `user_id`, `name`, `email`, `phone`, `address`, `total`, `status`, `created_at`, `updated_at`, `order_number`, `subtotal`, `city`, `postal_code`, `country`, `notes`, `khqr_md5`, `payment_method`, `paid_at`) VALUES ('42', '1', 'natkimsreng@gmail.com', 'natkimsreng@gmail.com', '+85511841244', 'Siemreap1', '200', 'pending', '2025-12-01 09:38:59', '2025-12-01 09:38:59', 'ORD-20251201-308BD6', '200', 'cambodia', '17120', 'Cambodia', NULL, '7af03b9c8c49846d199d1d0a2a1f27d0', 'cod', NULL);
INSERT INTO `orders` (`id`, `user_id`, `name`, `email`, `phone`, `address`, `total`, `status`, `created_at`, `updated_at`, `order_number`, `subtotal`, `city`, `postal_code`, `country`, `notes`, `khqr_md5`, `payment_method`, `paid_at`) VALUES ('43', '1', 'natkimsreng@gmail.com', 'natkimsreng@gmail.com', '+85511841244', 'cambodia
.etc', '200', 'pending', '2025-12-01 09:40:15', '2025-12-01 09:40:15', 'ORD-20251201-FBD2AB', '200', 'cambodia', '171216', 'Cambodia', NULL, '75562be2554d867a4d8b809f9ba208e0', 'cod', NULL);
INSERT INTO `orders` (`id`, `user_id`, `name`, `email`, `phone`, `address`, `total`, `status`, `created_at`, `updated_at`, `order_number`, `subtotal`, `city`, `postal_code`, `country`, `notes`, `khqr_md5`, `payment_method`, `paid_at`) VALUES ('44', '1', 'natkimsreng@gmail.com', 'natkimsreng@gmail.com', '+85511841244', 'cambodia
.etc', '200', 'pending', '2025-12-01 10:07:07', '2025-12-01 10:07:07', 'ORD-20251201-B98F7C', '200', 'cambodia', '171216', 'Cambodia', NULL, '179b9ceb21ce63c9ec4a87640ebfc50d', 'cod', NULL);
INSERT INTO `orders` (`id`, `user_id`, `name`, `email`, `phone`, `address`, `total`, `status`, `created_at`, `updated_at`, `order_number`, `subtotal`, `city`, `postal_code`, `country`, `notes`, `khqr_md5`, `payment_method`, `paid_at`) VALUES ('45', '1', 'natkimsreng@gmail.com', 'natkimsreng@gmail.com', '+85511841244', 'cambodia
.etc', '200', 'pending', '2025-12-01 10:09:49', '2025-12-01 10:09:49', 'ORD-20251201-D3A61D', '200', 'cambodia', '171216', 'Cambodia', NULL, NULL, 'cod', NULL);
INSERT INTO `orders` (`id`, `user_id`, `name`, `email`, `phone`, `address`, `total`, `status`, `created_at`, `updated_at`, `order_number`, `subtotal`, `city`, `postal_code`, `country`, `notes`, `khqr_md5`, `payment_method`, `paid_at`) VALUES ('46', '1', 'natkimsreng@gmail.com', 'natkimsreng@gmail.com', '+85511841244', 'cambodia
.etc', '200', 'pending', '2025-12-01 10:10:03', '2025-12-01 10:10:03', 'ORD-20251201-B8A352', '200', 'cambodia', '171216', 'Cambodia', 'sas', '01704ca102e49f81e471c355c43dc183', 'cod', NULL);
INSERT INTO `orders` (`id`, `user_id`, `name`, `email`, `phone`, `address`, `total`, `status`, `created_at`, `updated_at`, `order_number`, `subtotal`, `city`, `postal_code`, `country`, `notes`, `khqr_md5`, `payment_method`, `paid_at`) VALUES ('47', '1', 'natkimsreng@gmail.com', 'natkimsreng@gmail.com', '+85511841244', 'cambodia
.etc', '200', 'pending', '2025-12-01 10:16:33', '2025-12-01 10:16:33', 'ORD-20251201-1E2BBB', '200', 'cambodia', '171216', 'Cambodia', NULL, '646b4ee4e2cba6a8fc4cee6a2c5157e7', 'cod', NULL);
INSERT INTO `orders` (`id`, `user_id`, `name`, `email`, `phone`, `address`, `total`, `status`, `created_at`, `updated_at`, `order_number`, `subtotal`, `city`, `postal_code`, `country`, `notes`, `khqr_md5`, `payment_method`, `paid_at`) VALUES ('49', '1', 'natkimsreng@gmail.com', 'natkimsreng@gmail.com', '+85511841244', 'cambodia
.etc', '200', 'pending', '2025-12-01 10:23:58', '2025-12-01 10:23:58', 'ORD-20251201-E38273', '200', 'cambodia', '171216', 'Cambodia', NULL, '5ab5a6644f4b048820c1409f206f116f', 'cod', NULL);
INSERT INTO `orders` (`id`, `user_id`, `name`, `email`, `phone`, `address`, `total`, `status`, `created_at`, `updated_at`, `order_number`, `subtotal`, `city`, `postal_code`, `country`, `notes`, `khqr_md5`, `payment_method`, `paid_at`) VALUES ('50', '1', 'natkimsreng@gmail.com', 'natkimsreng@gmail.com', '+85511841244', 'cambodia
.etc', '200', 'pending', '2025-12-01 10:25:46', '2025-12-01 10:25:46', 'ORD-20251201-AD4A8D', '200', 'cambodia', '171216', 'Cambodia', NULL, 'de6fc5b4b063e147fa719127cc89578e', 'cod', NULL);
INSERT INTO `orders` (`id`, `user_id`, `name`, `email`, `phone`, `address`, `total`, `status`, `created_at`, `updated_at`, `order_number`, `subtotal`, `city`, `postal_code`, `country`, `notes`, `khqr_md5`, `payment_method`, `paid_at`) VALUES ('52', '1', 'natkimsreng@gmail.com', 'natkimsreng@gmail.com', '+85511841244', 'Siemreap1', '200', 'pending', '2025-12-01 10:30:53', '2025-12-01 10:30:53', 'ORD-20251201-DA1264', '200', 'cambodia', '17120', 'Cambodia', NULL, 'a25bdba3852541047ec60e1d1555e4c4', 'cod', NULL);
INSERT INTO `orders` (`id`, `user_id`, `name`, `email`, `phone`, `address`, `total`, `status`, `created_at`, `updated_at`, `order_number`, `subtotal`, `city`, `postal_code`, `country`, `notes`, `khqr_md5`, `payment_method`, `paid_at`) VALUES ('53', '1', 'natkimsreng@gmail.com', 'natkimsreng@gmail.com', '+85511841244', 'cambodia
.etc', '200', 'pending', '2025-12-01 10:33:22', '2025-12-01 10:33:22', 'ORD-20251201-27D0CB', '200', 'cambodia', '171216', 'Cambodia', NULL, '5bff25da97c3e0816ba7dddc81d3eade', 'cod', NULL);
INSERT INTO `orders` (`id`, `user_id`, `name`, `email`, `phone`, `address`, `total`, `status`, `created_at`, `updated_at`, `order_number`, `subtotal`, `city`, `postal_code`, `country`, `notes`, `khqr_md5`, `payment_method`, `paid_at`) VALUES ('54', '1', 'natkimsreng@gmail.com', 'natkimsreng@gmail.com', '+85511841244', 'cambodia
.etc', '0.01', 'pending', '2025-12-01 10:35:33', '2025-12-01 10:35:33', 'ORD-20251201-5BCD3E', '0.01', 'cambodia', '171216', 'Cambodia', 'saa', '087a8674899ccb70bcec25845e1565eb', 'cod', NULL);
INSERT INTO `orders` (`id`, `user_id`, `name`, `email`, `phone`, `address`, `total`, `status`, `created_at`, `updated_at`, `order_number`, `subtotal`, `city`, `postal_code`, `country`, `notes`, `khqr_md5`, `payment_method`, `paid_at`) VALUES ('55', '1', 'natkimsreng@gmail.com', 'natkimsreng@gmail.com', '+85511841244', 'cambodia
.etc', '100', 'pending', '2025-12-01 11:57:05', '2025-12-01 11:57:05', 'ORD-20251201-177CED', '100', 'cambodia', '171216', 'Cambodia', NULL, '9b6ee71b80bc08235c70cd4f44d5c6e6', 'cod', NULL);
INSERT INTO `orders` (`id`, `user_id`, `name`, `email`, `phone`, `address`, `total`, `status`, `created_at`, `updated_at`, `order_number`, `subtotal`, `city`, `postal_code`, `country`, `notes`, `khqr_md5`, `payment_method`, `paid_at`) VALUES ('56', '1', 'natkimsreng@gmail.com', 'natkimsreng@gmail.com', '+85511841244', 'Siemreap1', '100', 'pending', '2025-12-01 11:59:08', '2025-12-01 11:59:08', 'ORD-20251201-CBDE56', '100', 'cambodia', '17120', 'Cambodia', NULL, '9a0a502f35dded4fac6264b189056d1d', 'cod', NULL);
INSERT INTO `orders` (`id`, `user_id`, `name`, `email`, `phone`, `address`, `total`, `status`, `created_at`, `updated_at`, `order_number`, `subtotal`, `city`, `postal_code`, `country`, `notes`, `khqr_md5`, `payment_method`, `paid_at`) VALUES ('57', NULL, 'NAT KIMSRENG', 'natkimsreng@gmail.com', '+85511841244', 'cambodia
.etc', '100', 'pending', '2025-12-01 14:50:19', '2025-12-01 14:50:20', 'ORD-20251201-B8E125', '100', 'cambodia', '171216', 'Cambodia', NULL, '0077fe7173ab92957683e36078a6b4fd', 'cod', NULL);
INSERT INTO `orders` (`id`, `user_id`, `name`, `email`, `phone`, `address`, `total`, `status`, `created_at`, `updated_at`, `order_number`, `subtotal`, `city`, `postal_code`, `country`, `notes`, `khqr_md5`, `payment_method`, `paid_at`) VALUES ('58', NULL, 'NAT KIMSRENG', 'natkimsreng@gmail.com', '+85511841244', 'cambodia
.etc', '100', 'pending', '2025-12-01 15:09:23', '2025-12-01 15:09:24', 'ORD-20251201-3F315C', '100', 'cambodia', '171216', 'Cambodia', NULL, 'db899baed1d94ee63faddd99ebd97dc3', 'cod', NULL);
INSERT INTO `orders` (`id`, `user_id`, `name`, `email`, `phone`, `address`, `total`, `status`, `created_at`, `updated_at`, `order_number`, `subtotal`, `city`, `postal_code`, `country`, `notes`, `khqr_md5`, `payment_method`, `paid_at`) VALUES ('59', NULL, 'NAT KIMSRENG', 'natkimsreng@gmail.com', '+85511841244', 'cambodia
.etc', '100', 'pending', '2025-12-01 15:48:36', '2025-12-01 15:48:36', 'ORD-20251201154836-36529660', '100', 'cambodia', '171216', 'Cambodia', NULL, 'ba9c1ff30a4073f53cc7231b46405fd7', 'khqr', NULL);
INSERT INTO `orders` (`id`, `user_id`, `name`, `email`, `phone`, `address`, `total`, `status`, `created_at`, `updated_at`, `order_number`, `subtotal`, `city`, `postal_code`, `country`, `notes`, `khqr_md5`, `payment_method`, `paid_at`) VALUES ('60', '1', 'natkimsreng@gmail.com', 'natkimsreng@gmail.com', '+85511841244', 'cambodia
.etc', '0.05', 'paid', '2025-12-01 15:49:51', '2025-12-01 15:50:28', 'ORD-20251201154951-25191401', '0.05', 'cambodia', '171216', 'Cambodia', NULL, '92869f08a840b826767c886c285de9ae', 'khqr', NULL);
INSERT INTO `orders` (`id`, `user_id`, `name`, `email`, `phone`, `address`, `total`, `status`, `created_at`, `updated_at`, `order_number`, `subtotal`, `city`, `postal_code`, `country`, `notes`, `khqr_md5`, `payment_method`, `paid_at`) VALUES ('61', '1', 'natkimsreng@gmail.com', 'natkimsreng@gmail.com', '+85511841244', 'cambodia
.etc', '0.05', 'paid', '2025-12-01 16:00:42', '2025-12-01 16:01:13', 'ORD-20251201160042-32996070', '0.05', 'cambodia', '171216', 'Cambodia', NULL, 'e94b84a0594526c4e97ed2362ada49cd', 'khqr', NULL);
INSERT INTO `orders` (`id`, `user_id`, `name`, `email`, `phone`, `address`, `total`, `status`, `created_at`, `updated_at`, `order_number`, `subtotal`, `city`, `postal_code`, `country`, `notes`, `khqr_md5`, `payment_method`, `paid_at`) VALUES ('62', '1', 'natkimsreng@gmail.com', 'natkimsreng@gmail.com', '+85511841244', 'Siemreap1', '0.05', 'paid', '2025-12-01 16:01:50', '2025-12-01 16:01:52', 'ORD-20251201160150-91178229', '0.05', 'cambodia', '17120', 'Cambodia', NULL, '3fb01b5bec7b9bb9fc2c5660985c7cff', 'khqr', NULL);
INSERT INTO `orders` (`id`, `user_id`, `name`, `email`, `phone`, `address`, `total`, `status`, `created_at`, `updated_at`, `order_number`, `subtotal`, `city`, `postal_code`, `country`, `notes`, `khqr_md5`, `payment_method`, `paid_at`) VALUES ('63', '1', 'natkimsreng@gmail.com', 'natkimsreng@gmail.com', '+85511841244', 'cambodia
.etc', '0.05', 'paid', '2025-12-01 16:02:29', '2025-12-01 16:02:59', 'ORD-20251201160229-25375144', '0.05', 'cambodia', '171216', 'Cambodia', NULL, '727dde4f7b90f4d76d2525c57d13e47d', 'khqr', NULL);
INSERT INTO `orders` (`id`, `user_id`, `name`, `email`, `phone`, `address`, `total`, `status`, `created_at`, `updated_at`, `order_number`, `subtotal`, `city`, `postal_code`, `country`, `notes`, `khqr_md5`, `payment_method`, `paid_at`) VALUES ('64', '1', 'natkimsreng@gmail.com', 'natkimsreng@gmail.com', '+85511841244', 'cambodia
.etc', '0.05', 'paid', '2025-12-02 02:05:30', '2025-12-02 02:42:33', 'ORD-20251202020530-32990013', '0.05', 'cambodia', '171216', 'Cambodia', NULL, 'c60a096137e3e0206221bc1fc9b78eb0', 'khqr', '2025-12-02 02:41:23');
INSERT INTO `orders` (`id`, `user_id`, `name`, `email`, `phone`, `address`, `total`, `status`, `created_at`, `updated_at`, `order_number`, `subtotal`, `city`, `postal_code`, `country`, `notes`, `khqr_md5`, `payment_method`, `paid_at`) VALUES ('65', '2', 'vibetechgenz', 'vibetechgenz@gmail.com', '0982822', 'siemreap', '0.05', 'paid', '2025-12-02 02:45:49', '2025-12-02 02:45:51', 'ORD-20251202024549-05918530', '0.05', 'siemreap', '1233', 'Cambodia', NULL, '43042db5df77127270f23afc2c61b115', 'khqr', '2025-12-02 02:45:51');
INSERT INTO `orders` (`id`, `user_id`, `name`, `email`, `phone`, `address`, `total`, `status`, `created_at`, `updated_at`, `order_number`, `subtotal`, `city`, `postal_code`, `country`, `notes`, `khqr_md5`, `payment_method`, `paid_at`) VALUES ('66', NULL, 'NAT KIMSRENG', 'natkimsreng@gmail.com', '+85511841244', 'cambodia
.etc', '0.05', 'paid', '2025-12-03 13:05:59', '2025-12-03 13:06:37', 'ORD-20251203130559-09967711', '0.05', 'cambodia', '171216', 'Cambodia', NULL, '2e9fc06b6cd914575a2a23fcd0438538', 'khqr', '2025-12-03 13:06:37');
INSERT INTO `orders` (`id`, `user_id`, `name`, `email`, `phone`, `address`, `total`, `status`, `created_at`, `updated_at`, `order_number`, `subtotal`, `city`, `postal_code`, `country`, `notes`, `khqr_md5`, `payment_method`, `paid_at`) VALUES ('67', NULL, 'NAT KIMSRENG', 'natkimsreng@gmail.com', '+85511841244', 'cambodia
.etc', '0.05', 'paid', '2025-12-03 13:08:02', '2025-12-03 13:08:34', 'ORD-20251203130802-30494389', '0.05', 'cambodia', '171216', 'Cambodia', NULL, '9d889e032f0c6dfd28da8de1d87296a5', 'khqr', '2025-12-03 13:08:34');
INSERT INTO `orders` (`id`, `user_id`, `name`, `email`, `phone`, `address`, `total`, `status`, `created_at`, `updated_at`, `order_number`, `subtotal`, `city`, `postal_code`, `country`, `notes`, `khqr_md5`, `payment_method`, `paid_at`) VALUES ('68', NULL, 'NAT KIMSRENG', 'natkimsreng@gmail.com', '+85511841244', 'cambodia
.etc', '0.05', 'paid', '2025-12-04 01:25:14', '2025-12-04 01:25:18', 'ORD-20251204012514-76987957', '0.05', 'cambodia', '171216', 'Cambodia', NULL, 'd1bc7bb4cab0d7d36da778a8df4391e6', 'khqr', '2025-12-04 01:25:18');
INSERT INTO `orders` (`id`, `user_id`, `name`, `email`, `phone`, `address`, `total`, `status`, `created_at`, `updated_at`, `order_number`, `subtotal`, `city`, `postal_code`, `country`, `notes`, `khqr_md5`, `payment_method`, `paid_at`) VALUES ('69', NULL, 'NAT KIMSRENG', 'natkimsreng@gmail.com', '+85511841244', 'cambodia
.etc', '1000', 'paid', '2025-12-04 01:26:29', '2025-12-04 01:26:30', 'ORD-20251204012629-57486807', '1000', 'cambodia', '171216', 'Cambodia', NULL, '201752dda35b425f62c13f58abbea6e8', 'khqr', '2025-12-04 01:26:30');
INSERT INTO `orders` (`id`, `user_id`, `name`, `email`, `phone`, `address`, `total`, `status`, `created_at`, `updated_at`, `order_number`, `subtotal`, `city`, `postal_code`, `country`, `notes`, `khqr_md5`, `payment_method`, `paid_at`) VALUES ('70', NULL, 'NAT KIMSRENG', 'natkimsreng@gmail.com', '+85511841244', 'cambodia
.etc', '0.05', 'delivered', '2025-12-04 01:29:28', '2025-12-04 01:34:26', 'ORD-20251204012928-11015108', '0.05', 'cambodia', '171216', 'Cambodia', NULL, '92fdbc08ea611086b62a64a3596f5d03', 'khqr', '2025-12-04 01:29:30');
INSERT INTO `orders` (`id`, `user_id`, `name`, `email`, `phone`, `address`, `total`, `status`, `created_at`, `updated_at`, `order_number`, `subtotal`, `city`, `postal_code`, `country`, `notes`, `khqr_md5`, `payment_method`, `paid_at`) VALUES ('71', '1', 'natkimsreng@gmail.com', 'natkimsreng@gmail.com', '+85511841244', 'cambodia
.etc', '0.05', 'pending', '2025-12-04 02:09:02', '2025-12-04 02:09:02', 'ORD-20251204020902-77570266', '0.05', 'cambodia', '171216', 'Cambodia', NULL, NULL, 'cod', NULL);
INSERT INTO `orders` (`id`, `user_id`, `name`, `email`, `phone`, `address`, `total`, `status`, `created_at`, `updated_at`, `order_number`, `subtotal`, `city`, `postal_code`, `country`, `notes`, `khqr_md5`, `payment_method`, `paid_at`) VALUES ('72', '1', 'natkimsreng@gmail.com', 'natkimsreng@gmail.com', '+85511841244', 'cambodia
.etc', '0.05', 'paid', '2025-12-04 02:09:14', '2025-12-04 02:09:58', 'ORD-20251204020914-35032670', '0.05', 'cambodia', '171216', 'Cambodia', NULL, 'ce870a670c25c6b3189260e44b4b45c4', 'khqr', '2025-12-04 02:09:58');
INSERT INTO `orders` (`id`, `user_id`, `name`, `email`, `phone`, `address`, `total`, `status`, `created_at`, `updated_at`, `order_number`, `subtotal`, `city`, `postal_code`, `country`, `notes`, `khqr_md5`, `payment_method`, `paid_at`) VALUES ('73', '1', 'natkimsreng@gmail.com', 'natkimsreng@gmail.com', '+85511841244', 'cambodia
.etc', '0.05', 'pending', '2025-12-04 02:12:50', '2025-12-04 02:12:50', 'ORD-20251204021250-89561004', '0.05', 'cambodia', '171216', 'Cambodia', NULL, '8d879239a153b4f7abb09d9f9a63fc46', 'khqr', NULL);
INSERT INTO `orders` (`id`, `user_id`, `name`, `email`, `phone`, `address`, `total`, `status`, `created_at`, `updated_at`, `order_number`, `subtotal`, `city`, `postal_code`, `country`, `notes`, `khqr_md5`, `payment_method`, `paid_at`) VALUES ('74', '1', 'natkimsreng@gmail.com', 'natkimsreng@gmail.com', '+85511841244', 'cambodia
.etc', '0.05', 'pending', '2025-12-04 02:14:20', '2025-12-04 02:14:20', 'ORD-20251204021420-57195277', '0.05', 'cambodia', '171216', 'Cambodia', NULL, '68ae987779ae8c4181472ed63448230a', 'khqr', NULL);
INSERT INTO `orders` (`id`, `user_id`, `name`, `email`, `phone`, `address`, `total`, `status`, `created_at`, `updated_at`, `order_number`, `subtotal`, `city`, `postal_code`, `country`, `notes`, `khqr_md5`, `payment_method`, `paid_at`) VALUES ('75', '1', 'natkimsreng@gmail.com', 'natkimsreng@gmail.com', '+85511841244', 'cambodia
.etc', '0.05', 'pending', '2025-12-04 02:15:04', '2025-12-04 02:15:04', 'ORD-20251204021504-46588046', '0.05', 'cambodia', '171216', 'Cambodia', NULL, '06ba4c396889aa70e63ebd7c7fc5062c', 'khqr', NULL);
INSERT INTO `orders` (`id`, `user_id`, `name`, `email`, `phone`, `address`, `total`, `status`, `created_at`, `updated_at`, `order_number`, `subtotal`, `city`, `postal_code`, `country`, `notes`, `khqr_md5`, `payment_method`, `paid_at`) VALUES ('76', NULL, 'NAT KIMSRENG', 'natkimsreng@gmail.com', '+85511841244', 'cambodia
.etc', '0.05', 'pending', '2025-12-04 02:22:16', '2025-12-04 02:22:16', 'ORD-20251204022216-43658011', '0.05', 'cambodia', '171216', 'Cambodia', NULL, '375825ae5725aa4b8dff5b29e9d38c2e', 'khqr', NULL);
INSERT INTO `orders` (`id`, `user_id`, `name`, `email`, `phone`, `address`, `total`, `status`, `created_at`, `updated_at`, `order_number`, `subtotal`, `city`, `postal_code`, `country`, `notes`, `khqr_md5`, `payment_method`, `paid_at`) VALUES ('77', NULL, 'NAT KIMSRENG', 'natkimsreng@gmail.com', '+85511841244', 'cambodia
.etc', '0.05', 'pending', '2025-12-04 02:23:39', '2025-12-04 02:23:39', 'ORD-20251204022339-41478680', '0.05', 'cambodia', '171216', 'Cambodia', NULL, '1b615bcc85a429af13bedf6499ea0ee7', 'khqr', NULL);
INSERT INTO `orders` (`id`, `user_id`, `name`, `email`, `phone`, `address`, `total`, `status`, `created_at`, `updated_at`, `order_number`, `subtotal`, `city`, `postal_code`, `country`, `notes`, `khqr_md5`, `payment_method`, `paid_at`) VALUES ('78', NULL, 'NAT KIMSRENG', 'natkimsreng@gmail.com', '+85511841244', 'cambodia
.etc', '0.05', 'pending', '2025-12-04 02:38:36', '2025-12-04 02:38:36', 'ORD-20251204023836-33706627', '0.05', 'cambodia', '171216', 'Cambodia', NULL, '7fdf0b8e8c7d9d6c1e1a50fbe291e9ca', 'khqr', NULL);
INSERT INTO `orders` (`id`, `user_id`, `name`, `email`, `phone`, `address`, `total`, `status`, `created_at`, `updated_at`, `order_number`, `subtotal`, `city`, `postal_code`, `country`, `notes`, `khqr_md5`, `payment_method`, `paid_at`) VALUES ('79', NULL, 'NAT KIMSRENG', 'natkimsreng@gmail.com', '+85511841244', 'cambodia
.etc', '1000', 'pending', '2025-12-04 02:40:43', '2025-12-04 02:40:43', 'ORD-20251204024043-45903145', '1000', 'cambodia', '171216', 'Cambodia', NULL, NULL, 'cod', NULL);
INSERT INTO `orders` (`id`, `user_id`, `name`, `email`, `phone`, `address`, `total`, `status`, `created_at`, `updated_at`, `order_number`, `subtotal`, `city`, `postal_code`, `country`, `notes`, `khqr_md5`, `payment_method`, `paid_at`) VALUES ('80', NULL, 'NAT KIMSRENG', 'natkimsreng@gmail.com', '+85511841244', 'cambodia
.etc', '0.05', 'pending', '2025-12-04 02:44:05', '2025-12-04 02:44:05', 'ORD-20251204024405-63993621', '0.05', 'cambodia', '171216', 'Cambodia', NULL, NULL, 'cod', NULL);
INSERT INTO `orders` (`id`, `user_id`, `name`, `email`, `phone`, `address`, `total`, `status`, `created_at`, `updated_at`, `order_number`, `subtotal`, `city`, `postal_code`, `country`, `notes`, `khqr_md5`, `payment_method`, `paid_at`) VALUES ('81', NULL, 'NAT KIMSRENG', 'natkimsreng@gmail.com', '+85511841244', 'cambodia
.etc', '0.05', 'pending', '2025-12-04 02:46:54', '2025-12-04 02:46:54', 'ORD-20251204024654-23704742', '0.05', 'cambodia', '171216', 'Cambodia', NULL, '5a1095e8a8552b17d3c8649f0c4a2f4e', 'khqr', NULL);
INSERT INTO `orders` (`id`, `user_id`, `name`, `email`, `phone`, `address`, `total`, `status`, `created_at`, `updated_at`, `order_number`, `subtotal`, `city`, `postal_code`, `country`, `notes`, `khqr_md5`, `payment_method`, `paid_at`) VALUES ('82', NULL, 'NAT KIMSRENG', 'natkimsreng@gmail.com', '+85511841244', 'cambodia
.etc', '0.05', 'pending', '2025-12-04 02:49:20', '2025-12-04 02:49:20', 'ORD-20251204024920-71887707', '0.05', 'cambodia', '171216', 'Cambodia', NULL, NULL, 'cod', NULL);
INSERT INTO `orders` (`id`, `user_id`, `name`, `email`, `phone`, `address`, `total`, `status`, `created_at`, `updated_at`, `order_number`, `subtotal`, `city`, `postal_code`, `country`, `notes`, `khqr_md5`, `payment_method`, `paid_at`) VALUES ('83', NULL, 'NAT KIMSRENG', 'natkimsreng@gmail.com', '+85511841244', 'cambodia
.etc', '0.05', 'paid', '2025-12-04 02:50:04', '2025-12-04 02:50:23', 'ORD-20251204025004-07255676', '0.05', 'cambodia', '171216', 'Cambodia', NULL, '98b9c5f782813af2b23afe2f423ed945', 'khqr', '2025-12-04 02:50:23');
INSERT INTO `orders` (`id`, `user_id`, `name`, `email`, `phone`, `address`, `total`, `status`, `created_at`, `updated_at`, `order_number`, `subtotal`, `city`, `postal_code`, `country`, `notes`, `khqr_md5`, `payment_method`, `paid_at`) VALUES ('84', NULL, 'Kim Ackerman', 'natkimsreng@gmail.com', '+85511841244', 'Siemreap1', '0.05', 'pending', '2025-12-04 02:57:26', '2025-12-04 02:57:26', 'ORD-20251204025726-25233755', '0.05', 'cambodia', '17120', 'Cambodia', NULL, NULL, 'cod', NULL);
INSERT INTO `orders` (`id`, `user_id`, `name`, `email`, `phone`, `address`, `total`, `status`, `created_at`, `updated_at`, `order_number`, `subtotal`, `city`, `postal_code`, `country`, `notes`, `khqr_md5`, `payment_method`, `paid_at`) VALUES ('85', '1', 'natkimsreng@gmail.com', 'natkimsreng@gmail.com', '+85511841244', 'cambodia
.etc', '0.05', 'processing', '2025-12-04 03:04:57', '2025-12-04 03:05:49', 'ORD-20251204030457-11308804', '0.05', 'cambodia', '171216', 'Cambodia', NULL, '6009d9c5bb9367f01756b5ea8bb252e5', 'khqr', '2025-12-04 03:05:13');
INSERT INTO `orders` (`id`, `user_id`, `name`, `email`, `phone`, `address`, `total`, `status`, `created_at`, `updated_at`, `order_number`, `subtotal`, `city`, `postal_code`, `country`, `notes`, `khqr_md5`, `payment_method`, `paid_at`) VALUES ('86', '1', 'natkimsreng@gmail.com', 'natkimsreng@gmail.com', '+85511841244', 'cambodia
.etc', '0.05', 'shipped', '2025-12-04 03:08:17', '2025-12-04 03:09:14', 'ORD-20251204030817-24154235', '0.05', 'cambodia', '171216', 'Cambodia', NULL, '47c8da70a2c1f37bd56c259a373138d9', 'khqr', '2025-12-04 03:08:40');
INSERT INTO `orders` (`id`, `user_id`, `name`, `email`, `phone`, `address`, `total`, `status`, `created_at`, `updated_at`, `order_number`, `subtotal`, `city`, `postal_code`, `country`, `notes`, `khqr_md5`, `payment_method`, `paid_at`) VALUES ('87', '1', 'natkimsreng@gmail.com', 'natkimsreng@gmail.com', '+85511841244', 'cambodia
.etc', '0.05', 'paid', '2025-12-04 03:44:17', '2025-12-04 03:44:32', 'ORD-20251204034417-08314509', '0.05', 'cambodia', '171216', 'Cambodia', NULL, 'cd109f0150b864ecdbab9bcfb9118a79', 'khqr', '2025-12-04 03:44:32');
INSERT INTO `orders` (`id`, `user_id`, `name`, `email`, `phone`, `address`, `total`, `status`, `created_at`, `updated_at`, `order_number`, `subtotal`, `city`, `postal_code`, `country`, `notes`, `khqr_md5`, `payment_method`, `paid_at`) VALUES ('88', '1', 'natkimsreng@gmail.com', 'natkimsreng@gmail.com', '+85511841244', 'cambodia
.etc', '0.1', 'shipped', '2025-12-04 03:47:19', '2025-12-04 11:43:03', 'ORD-20251204034719-57344318', '0.1', 'cambodia', '171216', 'Cambodia', 'hiiii', 'bfb155276d89c28add3c78f9e776d2a8', 'khqr', '2025-12-04 03:47:34');
INSERT INTO `orders` (`id`, `user_id`, `name`, `email`, `phone`, `address`, `total`, `status`, `created_at`, `updated_at`, `order_number`, `subtotal`, `city`, `postal_code`, `country`, `notes`, `khqr_md5`, `payment_method`, `paid_at`) VALUES ('89', NULL, 'Kim Ackerman', 'natkimsreng@gmail.com', '+85511841244', 'Siemreap1', '0.05', 'paid', '2025-12-04 11:39:31', '2025-12-04 11:41:09', 'ORD-20251204113931-82255456', '0.05', 'cambodia', '17120', 'Cambodia', NULL, '295affb6f69888ce0031296535a872b7', 'khqr', '2025-12-04 11:41:09');
INSERT INTO `orders` (`id`, `user_id`, `name`, `email`, `phone`, `address`, `total`, `status`, `created_at`, `updated_at`, `order_number`, `subtotal`, `city`, `postal_code`, `country`, `notes`, `khqr_md5`, `payment_method`, `paid_at`) VALUES ('90', '1', 'natkimsreng@gmail.com', 'natkimsreng@gmail.com', '+85511841244', 'cambodia
.etc', '0.05', 'paid', '2025-12-04 13:12:03', '2025-12-04 13:12:29', 'ORD-20251204131203-26133050', '0.05', 'cambodia', '171216', 'Cambodia', NULL, 'cfeeecf87f2b640a67376c32c58efbd1', 'khqr', '2025-12-04 13:12:29');
INSERT INTO `orders` (`id`, `user_id`, `name`, `email`, `phone`, `address`, `total`, `status`, `created_at`, `updated_at`, `order_number`, `subtotal`, `city`, `postal_code`, `country`, `notes`, `khqr_md5`, `payment_method`, `paid_at`) VALUES ('91', NULL, 'NAT KIMSRENG', 'natkimsreng@gmail.com', '+85511841244', 'cambodia
.etc', '1000', 'pending', '2025-12-18 08:28:51', '2025-12-18 08:28:51', 'ORD-20251218082851-57420952', '1000', 'cambodia', '171216', 'Cambodia', 'sasa', NULL, 'cod', NULL);


-- Table: order_items
DROP TABLE IF EXISTS `order_items`;
CREATE TABLE "order_items" ("id" integer primary key autoincrement not null, "order_id" integer not null, "product_id" integer not null, "qty" integer not null, "price" numeric not null, "created_at" datetime, "updated_at" datetime, "subtotal" numeric, foreign key("order_id") references "orders"("id") on delete cascade, foreign key("product_id") references "products"("id") on delete cascade);

-- Data for table: order_items
INSERT INTO `order_items` (`id`, `order_id`, `product_id`, `qty`, `price`, `created_at`, `updated_at`, `subtotal`) VALUES ('4', '4', '2', '1', '80', '2025-12-01 02:32:41', '2025-12-01 02:32:41', '80');
INSERT INTO `order_items` (`id`, `order_id`, `product_id`, `qty`, `price`, `created_at`, `updated_at`, `subtotal`) VALUES ('5', '4', '3', '1', '1000', '2025-12-01 02:32:41', '2025-12-01 02:32:41', '1000');
INSERT INTO `order_items` (`id`, `order_id`, `product_id`, `qty`, `price`, `created_at`, `updated_at`, `subtotal`) VALUES ('6', '5', '2', '1', '80', '2025-12-01 02:49:01', '2025-12-01 02:49:01', '80');
INSERT INTO `order_items` (`id`, `order_id`, `product_id`, `qty`, `price`, `created_at`, `updated_at`, `subtotal`) VALUES ('7', '6', '2', '1', '80', '2025-12-01 04:36:17', '2025-12-01 04:36:17', '80');
INSERT INTO `order_items` (`id`, `order_id`, `product_id`, `qty`, `price`, `created_at`, `updated_at`, `subtotal`) VALUES ('8', '7', '2', '1', '80', '2025-12-01 04:39:17', '2025-12-01 04:39:17', '80');
INSERT INTO `order_items` (`id`, `order_id`, `product_id`, `qty`, `price`, `created_at`, `updated_at`, `subtotal`) VALUES ('9', '8', '2', '1', '80', '2025-12-01 05:03:56', '2025-12-01 05:03:56', '80');
INSERT INTO `order_items` (`id`, `order_id`, `product_id`, `qty`, `price`, `created_at`, `updated_at`, `subtotal`) VALUES ('10', '9', '3', '1', '1000', '2025-12-01 05:11:21', '2025-12-01 05:11:21', '1000');
INSERT INTO `order_items` (`id`, `order_id`, `product_id`, `qty`, `price`, `created_at`, `updated_at`, `subtotal`) VALUES ('11', '10', '2', '1', '80', '2025-12-01 05:18:33', '2025-12-01 05:18:33', '80');
INSERT INTO `order_items` (`id`, `order_id`, `product_id`, `qty`, `price`, `created_at`, `updated_at`, `subtotal`) VALUES ('12', '11', '2', '1', '80', '2025-12-01 06:33:38', '2025-12-01 06:33:38', '80');
INSERT INTO `order_items` (`id`, `order_id`, `product_id`, `qty`, `price`, `created_at`, `updated_at`, `subtotal`) VALUES ('13', '12', '2', '1', '80', '2025-12-01 08:19:30', '2025-12-01 08:19:30', '80');
INSERT INTO `order_items` (`id`, `order_id`, `product_id`, `qty`, `price`, `created_at`, `updated_at`, `subtotal`) VALUES ('15', '14', '2', '1', '80', '2025-12-01 08:21:08', '2025-12-01 08:21:08', '80');
INSERT INTO `order_items` (`id`, `order_id`, `product_id`, `qty`, `price`, `created_at`, `updated_at`, `subtotal`) VALUES ('16', '15', '2', '1', '80', '2025-12-01 08:23:21', '2025-12-01 08:23:21', '80');
INSERT INTO `order_items` (`id`, `order_id`, `product_id`, `qty`, `price`, `created_at`, `updated_at`, `subtotal`) VALUES ('17', '16', '2', '1', '0.01', '2025-12-01 08:25:23', '2025-12-01 08:25:23', '0.01');
INSERT INTO `order_items` (`id`, `order_id`, `product_id`, `qty`, `price`, `created_at`, `updated_at`, `subtotal`) VALUES ('18', '17', '2', '1', '200', '2025-12-01 08:27:55', '2025-12-01 08:27:55', '200');
INSERT INTO `order_items` (`id`, `order_id`, `product_id`, `qty`, `price`, `created_at`, `updated_at`, `subtotal`) VALUES ('19', '18', '2', '1', '200', '2025-12-01 08:31:12', '2025-12-01 08:31:12', '200');
INSERT INTO `order_items` (`id`, `order_id`, `product_id`, `qty`, `price`, `created_at`, `updated_at`, `subtotal`) VALUES ('20', '19', '2', '1', '200', '2025-12-01 08:33:47', '2025-12-01 08:33:47', '200');
INSERT INTO `order_items` (`id`, `order_id`, `product_id`, `qty`, `price`, `created_at`, `updated_at`, `subtotal`) VALUES ('21', '20', '2', '1', '200', '2025-12-01 08:39:45', '2025-12-01 08:39:45', '200');
INSERT INTO `order_items` (`id`, `order_id`, `product_id`, `qty`, `price`, `created_at`, `updated_at`, `subtotal`) VALUES ('22', '21', '2', '1', '200', '2025-12-01 08:43:06', '2025-12-01 08:43:06', '200');
INSERT INTO `order_items` (`id`, `order_id`, `product_id`, `qty`, `price`, `created_at`, `updated_at`, `subtotal`) VALUES ('23', '22', '2', '1', '200', '2025-12-01 08:47:04', '2025-12-01 08:47:04', '200');
INSERT INTO `order_items` (`id`, `order_id`, `product_id`, `qty`, `price`, `created_at`, `updated_at`, `subtotal`) VALUES ('24', '23', '2', '1', '200', '2025-12-01 08:49:45', '2025-12-01 08:49:45', '200');
INSERT INTO `order_items` (`id`, `order_id`, `product_id`, `qty`, `price`, `created_at`, `updated_at`, `subtotal`) VALUES ('25', '24', '2', '1', '200', '2025-12-01 08:53:32', '2025-12-01 08:53:32', '200');
INSERT INTO `order_items` (`id`, `order_id`, `product_id`, `qty`, `price`, `created_at`, `updated_at`, `subtotal`) VALUES ('26', '25', '2', '1', '200', '2025-12-01 08:55:26', '2025-12-01 08:55:26', '200');
INSERT INTO `order_items` (`id`, `order_id`, `product_id`, `qty`, `price`, `created_at`, `updated_at`, `subtotal`) VALUES ('27', '26', '2', '1', '200', '2025-12-01 09:03:12', '2025-12-01 09:03:12', '200');
INSERT INTO `order_items` (`id`, `order_id`, `product_id`, `qty`, `price`, `created_at`, `updated_at`, `subtotal`) VALUES ('30', '29', '2', '1', '200', '2025-12-01 09:09:03', '2025-12-01 09:09:03', '200');
INSERT INTO `order_items` (`id`, `order_id`, `product_id`, `qty`, `price`, `created_at`, `updated_at`, `subtotal`) VALUES ('31', '30', '2', '1', '200', '2025-12-01 09:18:37', '2025-12-01 09:18:37', '200');
INSERT INTO `order_items` (`id`, `order_id`, `product_id`, `qty`, `price`, `created_at`, `updated_at`, `subtotal`) VALUES ('32', '31', '2', '1', '200', '2025-12-01 09:19:15', '2025-12-01 09:19:15', '200');
INSERT INTO `order_items` (`id`, `order_id`, `product_id`, `qty`, `price`, `created_at`, `updated_at`, `subtotal`) VALUES ('33', '32', '2', '1', '200', '2025-12-01 09:19:43', '2025-12-01 09:19:43', '200');
INSERT INTO `order_items` (`id`, `order_id`, `product_id`, `qty`, `price`, `created_at`, `updated_at`, `subtotal`) VALUES ('34', '33', '2', '1', '200', '2025-12-01 09:19:57', '2025-12-01 09:19:57', '200');
INSERT INTO `order_items` (`id`, `order_id`, `product_id`, `qty`, `price`, `created_at`, `updated_at`, `subtotal`) VALUES ('35', '34', '2', '2', '200', '2025-12-01 09:21:30', '2025-12-01 09:21:30', '400');
INSERT INTO `order_items` (`id`, `order_id`, `product_id`, `qty`, `price`, `created_at`, `updated_at`, `subtotal`) VALUES ('36', '35', '2', '1', '200', '2025-12-01 09:21:43', '2025-12-01 09:21:43', '200');
INSERT INTO `order_items` (`id`, `order_id`, `product_id`, `qty`, `price`, `created_at`, `updated_at`, `subtotal`) VALUES ('37', '36', '2', '1', '200', '2025-12-01 09:23:10', '2025-12-01 09:23:10', '200');
INSERT INTO `order_items` (`id`, `order_id`, `product_id`, `qty`, `price`, `created_at`, `updated_at`, `subtotal`) VALUES ('38', '37', '2', '1', '200', '2025-12-01 09:24:13', '2025-12-01 09:24:13', '200');
INSERT INTO `order_items` (`id`, `order_id`, `product_id`, `qty`, `price`, `created_at`, `updated_at`, `subtotal`) VALUES ('39', '38', '2', '1', '200', '2025-12-01 09:24:39', '2025-12-01 09:24:39', '200');
INSERT INTO `order_items` (`id`, `order_id`, `product_id`, `qty`, `price`, `created_at`, `updated_at`, `subtotal`) VALUES ('40', '39', '2', '1', '200', '2025-12-01 09:34:30', '2025-12-01 09:34:30', '200');
INSERT INTO `order_items` (`id`, `order_id`, `product_id`, `qty`, `price`, `created_at`, `updated_at`, `subtotal`) VALUES ('41', '40', '2', '2', '200', '2025-12-01 09:36:11', '2025-12-01 09:36:11', '400');
INSERT INTO `order_items` (`id`, `order_id`, `product_id`, `qty`, `price`, `created_at`, `updated_at`, `subtotal`) VALUES ('42', '41', '2', '1', '200', '2025-12-01 09:37:32', '2025-12-01 09:37:32', '200');
INSERT INTO `order_items` (`id`, `order_id`, `product_id`, `qty`, `price`, `created_at`, `updated_at`, `subtotal`) VALUES ('43', '42', '2', '1', '200', '2025-12-01 09:38:59', '2025-12-01 09:38:59', '200');
INSERT INTO `order_items` (`id`, `order_id`, `product_id`, `qty`, `price`, `created_at`, `updated_at`, `subtotal`) VALUES ('44', '43', '2', '1', '200', '2025-12-01 09:40:15', '2025-12-01 09:40:15', '200');
INSERT INTO `order_items` (`id`, `order_id`, `product_id`, `qty`, `price`, `created_at`, `updated_at`, `subtotal`) VALUES ('45', '44', '2', '1', '200', '2025-12-01 10:07:07', '2025-12-01 10:07:07', '200');
INSERT INTO `order_items` (`id`, `order_id`, `product_id`, `qty`, `price`, `created_at`, `updated_at`, `subtotal`) VALUES ('46', '45', '2', '1', '200', '2025-12-01 10:09:49', '2025-12-01 10:09:49', '200');
INSERT INTO `order_items` (`id`, `order_id`, `product_id`, `qty`, `price`, `created_at`, `updated_at`, `subtotal`) VALUES ('47', '46', '2', '1', '200', '2025-12-01 10:10:03', '2025-12-01 10:10:03', '200');
INSERT INTO `order_items` (`id`, `order_id`, `product_id`, `qty`, `price`, `created_at`, `updated_at`, `subtotal`) VALUES ('48', '47', '2', '1', '200', '2025-12-01 10:16:33', '2025-12-01 10:16:33', '200');
INSERT INTO `order_items` (`id`, `order_id`, `product_id`, `qty`, `price`, `created_at`, `updated_at`, `subtotal`) VALUES ('50', '49', '2', '1', '200', '2025-12-01 10:23:58', '2025-12-01 10:23:58', '200');
INSERT INTO `order_items` (`id`, `order_id`, `product_id`, `qty`, `price`, `created_at`, `updated_at`, `subtotal`) VALUES ('51', '50', '2', '1', '200', '2025-12-01 10:25:46', '2025-12-01 10:25:46', '200');
INSERT INTO `order_items` (`id`, `order_id`, `product_id`, `qty`, `price`, `created_at`, `updated_at`, `subtotal`) VALUES ('53', '52', '2', '1', '200', '2025-12-01 10:30:53', '2025-12-01 10:30:53', '200');
INSERT INTO `order_items` (`id`, `order_id`, `product_id`, `qty`, `price`, `created_at`, `updated_at`, `subtotal`) VALUES ('54', '53', '2', '1', '200', '2025-12-01 10:33:22', '2025-12-01 10:33:22', '200');
INSERT INTO `order_items` (`id`, `order_id`, `product_id`, `qty`, `price`, `created_at`, `updated_at`, `subtotal`) VALUES ('55', '54', '2', '1', '0.01', '2025-12-01 10:35:33', '2025-12-01 10:35:33', '0.01');
INSERT INTO `order_items` (`id`, `order_id`, `product_id`, `qty`, `price`, `created_at`, `updated_at`, `subtotal`) VALUES ('56', '55', '2', '1', '100', '2025-12-01 11:57:05', '2025-12-01 11:57:05', '100');
INSERT INTO `order_items` (`id`, `order_id`, `product_id`, `qty`, `price`, `created_at`, `updated_at`, `subtotal`) VALUES ('57', '56', '2', '1', '100', '2025-12-01 11:59:08', '2025-12-01 11:59:08', '100');
INSERT INTO `order_items` (`id`, `order_id`, `product_id`, `qty`, `price`, `created_at`, `updated_at`, `subtotal`) VALUES ('58', '57', '2', '1', '100', '2025-12-01 14:50:19', '2025-12-01 14:50:19', '100');
INSERT INTO `order_items` (`id`, `order_id`, `product_id`, `qty`, `price`, `created_at`, `updated_at`, `subtotal`) VALUES ('59', '58', '2', '1', '100', '2025-12-01 15:09:24', '2025-12-01 15:09:24', '100');
INSERT INTO `order_items` (`id`, `order_id`, `product_id`, `qty`, `price`, `created_at`, `updated_at`, `subtotal`) VALUES ('60', '59', '2', '1', '100', '2025-12-01 15:48:36', '2025-12-01 15:48:36', '100');
INSERT INTO `order_items` (`id`, `order_id`, `product_id`, `qty`, `price`, `created_at`, `updated_at`, `subtotal`) VALUES ('61', '60', '2', '1', '0.05', '2025-12-01 15:49:51', '2025-12-01 15:49:51', '0.05');
INSERT INTO `order_items` (`id`, `order_id`, `product_id`, `qty`, `price`, `created_at`, `updated_at`, `subtotal`) VALUES ('62', '61', '2', '1', '0.05', '2025-12-01 16:00:42', '2025-12-01 16:00:42', '0.05');
INSERT INTO `order_items` (`id`, `order_id`, `product_id`, `qty`, `price`, `created_at`, `updated_at`, `subtotal`) VALUES ('63', '62', '2', '1', '0.05', '2025-12-01 16:01:50', '2025-12-01 16:01:50', '0.05');
INSERT INTO `order_items` (`id`, `order_id`, `product_id`, `qty`, `price`, `created_at`, `updated_at`, `subtotal`) VALUES ('64', '63', '2', '1', '0.05', '2025-12-01 16:02:29', '2025-12-01 16:02:29', '0.05');
INSERT INTO `order_items` (`id`, `order_id`, `product_id`, `qty`, `price`, `created_at`, `updated_at`, `subtotal`) VALUES ('65', '64', '2', '1', '0.05', '2025-12-02 02:05:30', '2025-12-02 02:05:30', '0.05');
INSERT INTO `order_items` (`id`, `order_id`, `product_id`, `qty`, `price`, `created_at`, `updated_at`, `subtotal`) VALUES ('66', '65', '2', '1', '0.05', '2025-12-02 02:45:49', '2025-12-02 02:45:49', '0.05');
INSERT INTO `order_items` (`id`, `order_id`, `product_id`, `qty`, `price`, `created_at`, `updated_at`, `subtotal`) VALUES ('67', '66', '2', '1', '0.05', '2025-12-03 13:05:59', '2025-12-03 13:05:59', '0.05');
INSERT INTO `order_items` (`id`, `order_id`, `product_id`, `qty`, `price`, `created_at`, `updated_at`, `subtotal`) VALUES ('68', '67', '2', '1', '0.05', '2025-12-03 13:08:02', '2025-12-03 13:08:02', '0.05');
INSERT INTO `order_items` (`id`, `order_id`, `product_id`, `qty`, `price`, `created_at`, `updated_at`, `subtotal`) VALUES ('69', '68', '2', '1', '0.05', '2025-12-04 01:25:14', '2025-12-04 01:25:14', '0.05');
INSERT INTO `order_items` (`id`, `order_id`, `product_id`, `qty`, `price`, `created_at`, `updated_at`, `subtotal`) VALUES ('70', '69', '3', '1', '1000', '2025-12-04 01:26:29', '2025-12-04 01:26:29', '1000');
INSERT INTO `order_items` (`id`, `order_id`, `product_id`, `qty`, `price`, `created_at`, `updated_at`, `subtotal`) VALUES ('71', '70', '2', '1', '0.05', '2025-12-04 01:29:28', '2025-12-04 01:29:28', '0.05');
INSERT INTO `order_items` (`id`, `order_id`, `product_id`, `qty`, `price`, `created_at`, `updated_at`, `subtotal`) VALUES ('72', '71', '2', '1', '0.05', '2025-12-04 02:09:02', '2025-12-04 02:09:02', '0.05');
INSERT INTO `order_items` (`id`, `order_id`, `product_id`, `qty`, `price`, `created_at`, `updated_at`, `subtotal`) VALUES ('73', '72', '2', '1', '0.05', '2025-12-04 02:09:14', '2025-12-04 02:09:14', '0.05');
INSERT INTO `order_items` (`id`, `order_id`, `product_id`, `qty`, `price`, `created_at`, `updated_at`, `subtotal`) VALUES ('74', '73', '2', '1', '0.05', '2025-12-04 02:12:50', '2025-12-04 02:12:50', '0.05');
INSERT INTO `order_items` (`id`, `order_id`, `product_id`, `qty`, `price`, `created_at`, `updated_at`, `subtotal`) VALUES ('75', '74', '2', '1', '0.05', '2025-12-04 02:14:20', '2025-12-04 02:14:20', '0.05');
INSERT INTO `order_items` (`id`, `order_id`, `product_id`, `qty`, `price`, `created_at`, `updated_at`, `subtotal`) VALUES ('76', '75', '2', '1', '0.05', '2025-12-04 02:15:04', '2025-12-04 02:15:04', '0.05');
INSERT INTO `order_items` (`id`, `order_id`, `product_id`, `qty`, `price`, `created_at`, `updated_at`, `subtotal`) VALUES ('77', '76', '2', '1', '0.05', '2025-12-04 02:22:16', '2025-12-04 02:22:16', '0.05');
INSERT INTO `order_items` (`id`, `order_id`, `product_id`, `qty`, `price`, `created_at`, `updated_at`, `subtotal`) VALUES ('78', '77', '2', '1', '0.05', '2025-12-04 02:23:39', '2025-12-04 02:23:39', '0.05');
INSERT INTO `order_items` (`id`, `order_id`, `product_id`, `qty`, `price`, `created_at`, `updated_at`, `subtotal`) VALUES ('79', '78', '2', '1', '0.05', '2025-12-04 02:38:36', '2025-12-04 02:38:36', '0.05');
INSERT INTO `order_items` (`id`, `order_id`, `product_id`, `qty`, `price`, `created_at`, `updated_at`, `subtotal`) VALUES ('80', '79', '3', '1', '1000', '2025-12-04 02:40:43', '2025-12-04 02:40:43', '1000');
INSERT INTO `order_items` (`id`, `order_id`, `product_id`, `qty`, `price`, `created_at`, `updated_at`, `subtotal`) VALUES ('81', '80', '2', '1', '0.05', '2025-12-04 02:44:05', '2025-12-04 02:44:05', '0.05');
INSERT INTO `order_items` (`id`, `order_id`, `product_id`, `qty`, `price`, `created_at`, `updated_at`, `subtotal`) VALUES ('82', '81', '2', '1', '0.05', '2025-12-04 02:46:54', '2025-12-04 02:46:54', '0.05');
INSERT INTO `order_items` (`id`, `order_id`, `product_id`, `qty`, `price`, `created_at`, `updated_at`, `subtotal`) VALUES ('83', '82', '2', '1', '0.05', '2025-12-04 02:49:20', '2025-12-04 02:49:20', '0.05');
INSERT INTO `order_items` (`id`, `order_id`, `product_id`, `qty`, `price`, `created_at`, `updated_at`, `subtotal`) VALUES ('84', '83', '2', '1', '0.05', '2025-12-04 02:50:04', '2025-12-04 02:50:04', '0.05');
INSERT INTO `order_items` (`id`, `order_id`, `product_id`, `qty`, `price`, `created_at`, `updated_at`, `subtotal`) VALUES ('85', '84', '2', '1', '0.05', '2025-12-04 02:57:26', '2025-12-04 02:57:26', '0.05');
INSERT INTO `order_items` (`id`, `order_id`, `product_id`, `qty`, `price`, `created_at`, `updated_at`, `subtotal`) VALUES ('86', '85', '2', '1', '0.05', '2025-12-04 03:04:57', '2025-12-04 03:04:57', '0.05');
INSERT INTO `order_items` (`id`, `order_id`, `product_id`, `qty`, `price`, `created_at`, `updated_at`, `subtotal`) VALUES ('87', '86', '2', '1', '0.05', '2025-12-04 03:08:17', '2025-12-04 03:08:17', '0.05');
INSERT INTO `order_items` (`id`, `order_id`, `product_id`, `qty`, `price`, `created_at`, `updated_at`, `subtotal`) VALUES ('88', '87', '2', '1', '0.05', '2025-12-04 03:44:17', '2025-12-04 03:44:17', '0.05');
INSERT INTO `order_items` (`id`, `order_id`, `product_id`, `qty`, `price`, `created_at`, `updated_at`, `subtotal`) VALUES ('89', '88', '2', '2', '0.05', '2025-12-04 03:47:19', '2025-12-04 03:47:19', '0.1');
INSERT INTO `order_items` (`id`, `order_id`, `product_id`, `qty`, `price`, `created_at`, `updated_at`, `subtotal`) VALUES ('90', '89', '2', '1', '0.05', '2025-12-04 11:39:31', '2025-12-04 11:39:31', '0.05');
INSERT INTO `order_items` (`id`, `order_id`, `product_id`, `qty`, `price`, `created_at`, `updated_at`, `subtotal`) VALUES ('91', '90', '2', '1', '0.05', '2025-12-04 13:12:03', '2025-12-04 13:12:03', '0.05');
INSERT INTO `order_items` (`id`, `order_id`, `product_id`, `qty`, `price`, `created_at`, `updated_at`, `subtotal`) VALUES ('92', '91', '3', '1', '1000', '2025-12-18 08:28:51', '2025-12-18 08:28:51', '1000');

